Image,Image Size,Image Modification Date
Milk_001.jpg,28.2 kB,Tue Aug 22 12:00:00 2023
Milk_001_1.jpg,25.0 kB,Tue Aug 22 12:00:00 2023
Milk_001_2.jpg,32.8 kB,Tue Aug 22 12:00:00 2023
Milk_001_3.jpg,27.4 kB,Tue Aug 22 12:00:00 2023
Milk_001_4.jpg,23.6 kB,Tue Aug 22 12:00:00 2023
Milk_001_5.jpg,15.9 kB,Tue Aug 22 12:00:00 2023
Milk_002.jpg,21.4 kB,Tue Aug 22 12:00:00 2023
Milk_002_1.jpg,16.0 kB,Tue Aug 22 12:00:00 2023
Milk_002_2.jpg,21.3 kB,Tue Aug 22 12:00:00 2023
Milk_002_3.jpg,29.1 kB,Tue Aug 22 12:00:00 2023
Milk_002_4.jpg,21.8 kB,Tue Aug 22 12:00:00 2023
Milk_002_5.jpg,22.4 kB,Tue Aug 22 12:00:00 2023
Milk_003.jpg,28.6 kB,Tue Aug 22 12:00:00 2023
Milk_003_1.jpg,29.9 kB,Tue Aug 22 12:00:00 2023
Milk_003_2.jpg,24.0 kB,Tue Aug 22 12:00:00 2023
Milk_003_3.jpg,24.3 kB,Tue Aug 22 12:00:00 2023
Milk_003_4.jpg,27.5 kB,Tue Aug 22 12:00:00 2023
Milk_003_5.jpg,21.8 kB,Tue Aug 22 12:00:00 2023
Milk_004.jpg,23.1 kB,Tue Aug 22 12:00:00 2023
Milk_004_1.jpg,25.5 kB,Tue Aug 22 12:00:00 2023
Milk_004_2.jpg,22.6 kB,Tue Aug 22 12:00:00 2023
Milk_004_3.jpg,27.3 kB,Tue Aug 22 12:00:00 2023
Milk_004_4.jpg,28.1 kB,Tue Aug 22 12:00:00 2023
Milk_004_5.jpg,17.9 kB,Tue Aug 22 12:00:00 2023
Milk_005.jpg,27.3 kB,Tue Aug 22 12:00:00 2023
Milk_005_1.jpg,19.1 kB,Tue Aug 22 12:00:00 2023
Milk_005_2.jpg,27.4 kB,Tue Aug 22 12:00:00 2023
Milk_005_3.jpg,21.0 kB,Tue Aug 22 12:00:00 2023
Milk_005_4.jpg,22.8 kB,Tue Aug 22 12:00:00 2023
Milk_006.jpg,25.5 kB,Tue Aug 22 12:00:00 2023
Milk_006_1.jpg,26.8 kB,Tue Aug 22 12:00:00 2023
Oatghurt_001.jpg,21.3 kB,Tue Aug 22 12:00:00 2023
Oatghurt_002.jpg,24.1 kB,Tue Aug 22 12:00:00 2023
Oatghurt_003.jpg,26.9 kB,Tue Aug 22 12:00:00 2023
Oatghurt_004.jpg,22.3 kB,Tue Aug 22 12:00:00 2023
Oatghurt_005.jpg,24.3 kB,Tue Aug 22 12:00:00 2023
